employee_id,first_name,last_name,address,city,state,zip,primary_phone,email,status,last_shift_date,position,base_pay_rate,current_rating,last_appraisal_date,next_appraisal_date,hire_date,terminated_date,rehire_date,cpr_date,pto_balance,commitment_hours,age,dob,gender,education,languages,emergency_contact,emergency_contact_phone,emergency_instructions
1,Lauren,Rivera,56611 Baker Station Suite 046,Harrisonport,FM,95869,253-361-4272,reyescheryl@example.com,Resigned/Separated - Not Eligible for Rehire,2021-03-24,LPN,48.05832171077293,3 - Meets Expectations,2013-10-05,2026-08-23,2025-10-04,2026-02-24,,2025-08-20,31,12,22,2003-02-28,Female,Associate Degree,"English, French",Melody Stewart,621-706-1774,Most indeed ok such head.
2,Carrie,Jackson,457 Jackson Brook Apt. 780,Ramosview,OK,62122,627-330-7986,erush@example.com,Resigned/Separated - Eligible for Rehire,2025-10-16,ADMIN,27.537091559076863,0 - Not Applicable,2025-09-11,2026-10-12,2025-09-03,2026-02-24,,2025-07-09,20,15,53,1972-05-01,Female,4 year College,"English, French",Jonathan Miller,,Near player do common however.
3,Alexandra,Mcdaniel,805 Karen Stravenue Apt. 699,Williamtown,NE,15845,,ellisonamy@example.org,Resigned/Separated - Eligible for Rehire,2018-09-19,CHHA,70.3561105865173,1 - Unacceptable,2023-09-04,2026-01-03,2025-12-24,2026-01-13,,2025-09-01,22,20,52,1973-09-16,Male,Associate Degree,"English, Spanish",Lisa Shields,,From here lay federal charge will.
4,Vanessa,Green,274 Emily Corner,Port Amber,PW,57268,,antonio28@example.com,Resigned/Separated - Eligible for Rehire,2015-12-31,ADMIN,21.226984137868826,3 - Meets Expectations,2008-05-23,2026-01-26,2025-01-17,,,2024-10-11,14,29,82,1943-11-16,Female,Associate Degree,"English, Spanish",Morgan White,,Level relationship maybe big rich.
5,Jonathon,Rowe,383 Veronica Place,Bethanyburgh,MS,78288,549-784-1414,johnwheeler@example.org,Resigned/Separated - Not Eligible for Rehire,2024-06-28,CG,64.15615964274943,1 - Unacceptable,2025-05-03,2026-03-07,2025-06-13,,,2025-05-15,11,25,74,1951-09-07,Male,4 year College,"English, French",Jennifer Lopez,,Require skill statement thing per.
6,Angela,Davis,414 Bell Terrace Suite 574,Johnsonland,CA,48397,,vsmith@example.com,Resigned/Separated - Not Eligible for Rehire,2021-07-31,LPN,40.03966623956319,1 - Unacceptable,2017-05-25,2026-07-18,2025-12-19,2025-12-29,,2025-02-09,6,6,64,1961-10-11,Male,Associate Degree,English,Gary Banks,,Most trade serve serve notice discussion science.
7,Adrian,Olsen,812 Thomas Ramp Suite 773,North Fredview,VI,42732,,schaeferkimberly@example.org,Resigned/Separated - Eligible for Rehire,2011-12-17,ADMIN,16.217508379120574,0 - Not Applicable,2023-06-15,2025-12-22,2025-09-18,2025-12-15,,2025-05-24,39,7,61,1964-09-11,Male,High School,"English, French",Erica Nichols,,Main various of happen team.
8,Angela,Williams,0876 Fuller Ways Apt. 106,Powellhaven,GU,62619,,shafferaimee@example.net,Resigned/Separated - Eligible for Rehire,2025-09-20,RN,20.93804656225828,3 - Meets Expectations,2025-12-07,2026-08-06,2025-07-13,2026-01-02,,2023-12-27,15,24,29,1996-06-21,Female,Associate Degree,"English, Spanish",Stephanie Woods,,Their total ago color specific can effect hot.
9,Stacy,Black,144 Benjamin Summit Apt. 908,New Valerie,WI,79781,453-635-6297,hjohnson@example.com,Resigned/Separated - Eligible for Rehire,2018-06-19,LPN,46.46281136376888,0 - Not Applicable,2022-01-22,2026-10-15,2025-05-22,,,2025-04-20,31,28,19,2006-07-31,Male,High School,"English, Spanish",Leslie Patton,625-740-1821,Clear present property seat.
10,Jennifer,Green,42790 Gibson Views Apt. 785,Port Keithbury,HI,26822,,matthew34@example.net,Active - Not Currently Available,2019-01-30,RN,42.78638234522343,0 - Not Applicable,2024-01-24,2026-03-26,2025-11-16,,,2024-01-26,44,3,29,1996-08-23,Male,4 year College,"English, Spanish",David Baker,586-440-6123,Break anything far along Democrat successful.
11,Michael,Walsh,76717 Martinez Lodge Apt. 725,Kennethland,IL,37024,,stanleymiguel@example.net,Terminated - Unemployable,2024-04-04,CG,39.08647855718414,4 - Exceeds Expectations,2024-05-18,2026-01-29,2025-02-09,,,2025-11-14,42,2,51,1974-01-09,Female,Associate Degree,"English, French",Nicole Caldwell,,Mr use early author then production.
12,Jonathan,Brown,80066 Cox Dam,Isaacborough,NC,56326,,holly41@example.org,Active - Not Currently Available,2025-02-08,LPN,55.29721250682005,4 - Exceeds Expectations,2025-03-19,2025-12-24,2025-03-05,,,2025-08-13,22,29,24,2001-08-09,Female,4 year College,"English, French",Charles Dalton,,Leave something write only leader star standard.
13,Patricia,Grant,7215 Cheyenne Freeway Suite 897,Jonesville,FM,8064,,xramirez@example.com,Active - Not Currently Available,2022-06-21,LPN,16.326033262010867,1 - Unacceptable,2022-09-26,2026-07-31,2025-06-08,,,2024-09-08,28,16,51,1974-05-23,Male,Associate Degree,"English, Spanish",Chase Fleming,990-478-1028,While arrive stuff.
14,Anthony,Hardin,24570 Amy Spurs,Raybury,MP,3681,,ellislindsey@example.org,Resigned/Separated - Not Eligible for Rehire,2016-02-21,CNA,68.9126680148716,3 - Meets Expectations,2014-04-13,2026-01-05,2025-12-11,,,2024-09-28,11,10,22,2003-01-10,Female,High School,English,Ryan Adams,,Apply decade its hot include just nature myself.
15,Rachel,Williams,86117 Vincent Expressway Suite 151,Pedroview,MN,83640,744-828-7432,brandymiller@example.net,Resigned/Separated - Eligible for Rehire,2025-05-17,LPN,24.70202328710399,4 - Exceeds Expectations,2022-03-13,2026-04-11,2025-11-26,,,2024-12-13,28,4,24,2001-06-17,Female,High School,"English, French",Johnny Smith,784-428-4795,Professional water above north individual add never.
16,Ryan,Ball,2771 Carney Street Suite 685,Grimeshaven,NE,84142,555-289-5927,mitchell23@example.com,Resigned/Separated - Not Eligible for Rehire,2021-02-15,CHHA,50.46733227379485,0 - Not Applicable,2019-12-07,2026-05-08,2025-01-13,2025-12-15,,2024-12-03,7,3,67,1958-10-31,Female,4 year College,English,Natalie Ellison,242-612-5382,Education view hospital several figure necessary.
17,Joyce,Patrick,149 Flynn Loaf Apt. 763,Jennifermouth,TN,64459,592-830-9156,rwilson@example.net,Terminated - Unemployable,2021-01-12,CG,34.56670265628336,3 - Meets Expectations,2020-10-20,2026-05-03,2025-10-30,,,2025-11-04,10,21,68,1957-07-05,Female,Associate Degree,English,Seth Boyd,321-319-2032,So consider question whom couple note.
18,Laura,Ferguson,2621 Lee Bridge,Lake Meghan,WA,38044,,john97@example.net,Active - Not Currently Available,2023-03-22,LPN,33.83931108981571,4 - Exceeds Expectations,2025-03-31,2026-09-29,2025-03-09,,,2025-09-01,9,35,68,1957-10-03,Female,Associate Degree,English,Eduardo Roberts,,Movement buy anything machine should.
19,William,Sampson,4275 Franco Rue Apt. 009,Kaylaside,NY,31957,428-718-3095,jenna63@example.net,Resigned/Separated - Eligible for Rehire,2023-08-05,RN,62.7923956607808,1 - Unacceptable,2023-09-06,2026-07-23,2025-07-24,2025-12-17,,2025-03-05,37,35,60,1965-10-21,Female,4 year College,English,Robert Jones,,Attack every again direction together talk several.
20,Martha,Buchanan,6719 Green Fields,Marymouth,WI,85546,937-212-6794,phillipparker@example.com,Active - Not Currently Available,2023-07-14,CG,58.19407371243018,0 - Not Applicable,2019-06-09,2026-06-07,2025-03-11,,,2024-07-05,32,16,53,1972-04-08,Male,4 year College,English,Tammy Hatfield,,Seem computer alone wait close.
21,John,Williams,4244 Sara Vista,Shannonmouth,LA,44416,683-634-8364,aallen@example.org,Resigned/Separated - Eligible for Rehire,2019-12-13,LPN,29.50592628692204,1 - Unacceptable,2025-05-04,2026-11-03,2025-05-27,2025-12-14,,2025-02-28,6,24,57,1968-02-10,Female,Associate Degree,English,Steven Clark,,Drop call effect mouth five.
22,Dylan,Gregory,80905 Olivia Ridges,Riggsview,NV,32852,312-523-9897,alexanderblack@example.com,Resigned/Separated - Eligible for Rehire,2019-02-12,LPN,63.82712216776298,1 - Unacceptable,2018-04-11,2026-11-27,2025-01-12,,,2024-01-29,45,16,67,1958-02-20,Male,4 year College,English,Samantha Martin,249-822-7035,Word institution drug suggest push party effort prevent.
23,Timothy,Peterson,13220 Smith Crossing,Lake Wayne,NJ,95375,926-636-9794,cfreeman@example.net,Terminated - Unemployable,2023-08-30,ADMIN,67.22981783875706,1 - Unacceptable,2016-05-05,2026-06-17,2025-04-10,,,2024-11-19,31,34,32,1993-08-05,Male,Associate Degree,"English, French",Hailey Fox,573-546-4159,High power current.
24,Robert,Morris,701 Meyer Ridge Apt. 192,Lawsonfurt,PA,54367,,jennifer39@example.com,Resigned/Separated - Not Eligible for Rehire,2020-08-05,RN,17.345965047978805,1 - Unacceptable,2025-03-25,2026-08-26,2025-02-06,2025-12-17,,2024-09-16,32,7,71,1954-05-07,Female,High School,English,Anthony Phillips,635-393-2997,Area relationship edge affect.
25,Tiffany,Cole,38226 Tara Hollow,West Kim,TX,88290,,john32@example.net,Resigned/Separated - Eligible for Rehire,2012-07-15,CG,20.468056773993496,1 - Unacceptable,2016-02-25,2026-08-16,2025-09-13,,,2025-05-18,32,35,45,1980-04-02,Male,4 year College,"English, Spanish",Sean Short,,Article history give anyone gas condition.
26,Matthew,Myers,86465 Hancock Walks Apt. 617,Reillymouth,WA,2544,,darren23@example.org,Resigned/Separated - Eligible for Rehire,2025-10-07,CHHA,17.37919307324375,0 - Not Applicable,2025-10-23,2026-01-27,2025-09-03,,,2025-01-04,19,32,73,1952-07-25,Female,Associate Degree,"English, Spanish",Dawn Wheeler,,Else while huge before.
27,Spencer,Gilbert,32345 Owens Alley,Lake Latasha,NH,68151,,alyssamullins@example.net,Resigned/Separated - Eligible for Rehire,2023-08-20,CNA,62.94573572089295,4 - Exceeds Expectations,2013-10-14,2026-01-15,2025-10-12,,,2024-01-06,24,34,74,1951-04-22,Female,Associate Degree,"English, Spanish",Janet Taylor,,Recent drive now think sort wrong apply.
28,Sarah,Newman,78827 Michelle Lights Apt. 905,Jacobfurt,WV,25898,,ntorres@example.net,Resigned/Separated - Not Eligible for Rehire,2024-04-14,CNA,37.14272705563679,3 - Meets Expectations,2025-10-16,2026-07-29,2025-03-26,2025-12-22,,2025-06-27,44,33,44,1981-07-23,Female,4 year College,"English, French",Jennifer Graham,947-532-0240,Two green fine responsibility.
29,William,Johnston,36416 Jonathan Extension Apt. 697,Chadmouth,WY,86350,,christopher28@example.org,Active - Not Currently Available,2023-09-09,CNA,37.522475668560425,4 - Exceeds Expectations,2023-02-18,2026-01-17,2025-10-16,,,2025-09-19,44,17,25,2000-12-10,Female,4 year College,English,Sheila Williams,624-825-4209,Customer as instead summer sit civil.
30,Michelle,Stafford,37766 Garcia Dam Apt. 729,Taramouth,IL,47986,,walkervalerie@example.com,Resigned/Separated - Eligible for Rehire,2024-06-23,RN,71.34553762747322,4 - Exceeds Expectations,2024-04-23,2026-06-28,2025-02-05,,,2025-11-18,0,17,69,1956-05-10,Female,4 year College,"English, Spanish",Marcus Pineda,826-499-8137,Senior behind pull American about.
31,Thomas,Rodriguez,5400 Melissa Loop Apt. 969,Jillmouth,UT,97135,(481)724-9180,nashlaura@example.net,Resigned/Separated - Eligible for Rehire,,CG,45.07,3 - Meets Expectations,,,2025-12-14,2025-12-17,,2025-09-19,12,19,43,1982-07-22,Female,4 year College,"English, Spanish",Cindy Smith,7316954339,Often surface apply player sense resource half.
32,John,Anthony,21759 Ian Stravenue Suite 068,Virginiafurt,PW,40980,9929014384,dbutler@example.org,Resigned/Separated - Not Eligible for Rehire,,ADMIN,38.84,0 - Not Applicable,,,2025-12-14,2025-12-17,,2026-06-27,17,15,74,1951-04-29,Female,4 year College,"English, Spanish",David Smith,+1-516-628-4866,Nature real practice continue realize the wish.
33,Austin,Coleman,2083 Sanchez Shoals Apt. 391,West Kentville,WV,31547,+1-863-443-5945x030,epeterson@example.com,Resigned/Separated - Not Eligible for Rehire,,CG,73.94,1 - Unacceptable,,,2025-12-14,2025-12-15,,2025-05-31,33,24,48,1977-12-19,Male,4 year College,"English, French",Bobby Williams,001-798-488-3275,Whom describe what set.
34,Kenneth,Schultz,556 Evans Isle,West Ronaldtown,AK,13386,657-294-2620,jamesdavis@example.org,Resigned/Separated - Not Eligible for Rehire,,LPN,70.43,0 - Not Applicable,,,2025-12-14,2025-12-14,,2024-12-01,19,11,28,1997-08-17,Male,High School,English,Jack Edwards,891.739.4307x9807,These rule manager then.
35,Jaclyn,Scott,4169 Ross Stravenue,New Jennifer,ID,89610,4176427836,raymondmason@example.com,Resigned/Separated - Eligible for Rehire,,CHHA,26.26,3 - Meets Expectations,,,2025-12-15,2025-12-17,,2026-11-20,18,12,39,1986-01-03,Female,Associate Degree,English,Nicholas Barker,(296)651-8544x8324,Say practice character poor.
36,Robert,Gardner,472 Ellis Vista Suite 415,Lake Amandahaven,MO,96920,5577433374,rhondagarcia@example.com,Resigned/Separated - Eligible for Rehire,,CHHA,66.4,1 - Unacceptable,,,2025-12-15,2025-12-17,,2024-08-06,19,2,43,1982-09-20,Male,4 year College,"English, French",Martin Holmes,001-915-695-8389,Agent run deal history difficult three special.
37,Shelia,Jackson,03991 Cortez Manor Suite 640,New Jeffery,DC,65678,+1-490-307-5610x763,jstevens@example.com,Resigned/Separated - Eligible for Rehire,,CNA,33.47,3 - Meets Expectations,,,2025-12-15,2025-12-20,,2024-02-28,3,9,57,1968-01-03,Male,4 year College,English,Rhonda Price,455.556.6996x1028,Town its adult certainly shoulder every.
38,Marcus,Chavez,066 Weiss Hills,Robertfort,MA,96699,001-259-481-5034x645,norman18@example.org,Resigned/Separated - Eligible for Rehire,,LPN,50.95,3 - Meets Expectations,,,2025-12-15,2025-12-17,,2025-11-22,27,6,65,1960-09-27,Male,4 year College,English,Lisa Allen,+1-843-677-6598x91873,Whatever sense PM walk.
39,Charles,Williams,1741 Charles Glen,East Mark,OK,7204,604-217-2648,michael97@example.net,Resigned/Separated - Eligible for Rehire,,RN,53.46,3 - Meets Expectations,,,2025-12-15,2025-12-15,,2026-08-24,40,40,45,1980-04-23,Male,High School,"English, Spanish",Monique Patton,001-425-399-0347x40682,Bar art no finish.
40,Richard,Holland,542 Cooper Motorway,Victoriahaven,AL,66029,(266)861-4358x85502,laura56@example.org,Resigned/Separated - Eligible for Rehire,,CG,53.73,0 - Not Applicable,,,2025-12-16,2025-12-28,,2026-03-03,34,33,61,1964-08-16,Male,High School,"English, Spanish",Dustin Jones,001-470-877-6745,Quite purpose change wait player compare share drive.
41,Sara,Lamb,1380 Miranda Motorway,Lyonsburgh,NM,44264,866-463-8036x7471,michelle06@example.org,Resigned/Separated - Eligible for Rehire,,ADMIN,68.37,4 - Exceeds Expectations,,,2025-12-16,2025-12-17,,2024-09-18,9,31,59,1966-07-27,Male,Associate Degree,"English, Spanish",Matthew Mitchell,001-336-665-2728x0629,Several answer note.
42,Diane,Barrera,316 Fernandez Run,Mcguireshire,SD,21177,(636)469-9024x55279,shellymiller@example.com,Resigned/Separated - Eligible for Rehire,,ADMIN,16.2,0 - Not Applicable,,,2025-12-16,2025-12-16,,2025-05-17,8,24,56,1969-02-14,Female,Associate Degree,English,Michael Morton,998.551.0177x7049,Fall company alone piece.
43,Roger,Garcia,620 Joseph Plain,Port Chad,GU,7248,+1-747-722-1373x21808,morrisandrew@example.org,Resigned/Separated - Eligible for Rehire,,RN,50.24,0 - Not Applicable,,,2025-12-17,2025-12-23,,2025-06-13,14,30,72,1953-06-07,Male,4 year College,"English, French",Jason Roberts,838-452-2245x50698,Ball news culture conference feeling peace.
44,James,Villanueva,19457 Russell Forge Suite 226,Roachville,VA,5934,289.576.3297x57727,kfrench@example.net,Resigned/Separated - Eligible for Rehire,,ADMIN,20.28,0 - Not Applicable,,,2025-12-17,2025-12-20,,2025-03-24,40,31,24,2001-07-18,Female,Associate Degree,"English, Spanish",Susan Aguirre,9179883708,Show price up its wrong.
45,Thomas,Jones,367 Jackson Ridge Suite 476,Lake Monique,OH,36569,752-845-0545,powersjoseph@example.com,Resigned/Separated - Eligible for Rehire,,LPN,46.99,0 - Not Applicable,,,2025-12-17,2025-12-26,,2024-05-22,38,27,18,2007-11-24,Male,4 year College,"English, Spanish",Karen Beltran,697-680-0875,Six most foot these benefit stay.
46,Alicia,Wilcox,229 Kaitlyn Overpass,Allenland,MS,25927,+1-308-539-1172,uoconnor@example.org,Resigned/Separated - Eligible for Rehire,,ADMIN,25.11,4 - Exceeds Expectations,,,2025-12-17,2025-12-20,,2024-05-30,6,22,51,1974-04-30,Female,Associate Degree,"English, Spanish",Robin Jones,(399)488-1115,Try operation whom Republican bar information forward.
47,Michelle,Olsen,7456 Eric Forges Apt. 499,New Timothy,LA,40739,851.288.6887x27796,caitlinyoung@example.net,Resigned/Separated - Not Eligible for Rehire,,LPN,39.21,1 - Unacceptable,,,2025-12-17,2025-12-20,,2025-12-22,37,16,74,1951-06-15,Female,4 year College,"English, French",Robert Dillon,975.426.7381,Describe white develop.
48,Alicia,Blevins,1004 Moore Passage,Port Kimberlyfurt,KS,35199,001-565-726-6264x70495,maxwellcurtis@example.com,Resigned/Separated - Not Eligible for Rehire,,CNA,53.8,3 - Meets Expectations,,,2025-12-17,2025-12-20,,2024-12-04,34,39,50,1975-06-10,Female,4 year College,"English, Spanish",Kevin Chang,4496830061,Small activity attorney cold half they.
49,David,Flynn,623 Franco Lake,North Aprilton,TX,47722,365.935.0592,autumnbranch@example.com,Resigned/Separated - Not Eligible for Rehire,,LPN,53.57,3 - Meets Expectations,,,2025-12-17,2025-12-17,,2024-07-20,7,2,43,1982-01-19,Female,4 year College,"English, French",Nancy Mosley,(418)514-9183,Because glass fine space list foot difference.
50,Tanya,Rivera,29322 David Roads Suite 214,South William,SC,67233,+1-790-634-8397x62547,mcguirekathryn@example.org,Resigned/Separated - Eligible for Rehire,,CNA,34.63,0 - Not Applicable,,,2025-12-17,2025-12-22,,2025-02-01,29,27,70,1955-11-17,Male,4 year College,"English, French",Lisa Powell,596.531.2563,Want force discussion face.
51,Sandra,Williams,46564 Alexandria Summit Suite 015,North Emily,KY,55646,+1-521-974-3604x42899,sabrinafrancis@example.org,Resigned/Separated - Eligible for Rehire,,CNA,64.75,3 - Meets Expectations,,,2025-12-17,2026-01-05,,2025-06-12,20,9,24,2001-08-08,Male,High School,"English, Spanish",Ashley Gilbert,964-607-4855x630,Over cost check budget also brother.
52,Jason,Morris,27588 Hobbs Passage Suite 526,Carterport,TN,79919,001-912-635-6569x18674,samanthacordova@example.net,Resigned/Separated - Eligible for Rehire,,ADMIN,30.87,3 - Meets Expectations,,,2025-12-20,2026-01-04,,2026-08-16,9,28,72,1953-09-25,Male,4 year College,"English, French",Brian Park,+1-393-553-1216x937,Stop share discuss PM audience no television recently.
53,Meghan,Simpson,232 Mckenzie Road,East Austin,GU,99020,942-901-8197x69456,brandonsmith@example.com,Resigned/Separated - Eligible for Rehire,,RN,28.01,0 - Not Applicable,,,2025-12-20,2025-12-21,,2024-05-25,19,32,66,1959-01-22,Male,4 year College,"English, French",Margaret Barrett,+1-218-237-2275,Down most that likely rate ball white make.
54,Leah,Haney,35278 Walker Fall Apt. 926,South Elizabethhaven,MH,96872,403.638.1622x877,jenkinsamanda@example.net,Resigned/Separated - Not Eligible for Rehire,,CHHA,27.4,1 - Unacceptable,,,2025-12-20,2025-12-24,,2025-07-17,23,10,39,1986-07-27,Female,High School,"English, Spanish",Randy Allen,4167520306,Sea reason city.
55,Justin,Perez,4867 Melissa Mission,Carterton,SC,64397,939-818-9937x65677,fgolden@example.net,Resigned/Separated - Not Eligible for Rehire,,CHHA,43.78,3 - Meets Expectations,,,2025-12-20,2025-12-25,,2024-03-10,21,7,59,1966-09-09,Female,4 year College,"English, French",Mark Cox,+1-270-841-7738x02567,Black the news when political increase scene evidence.
56,Cheryl,Reed,56571 Todd Square Apt. 561,Curtistown,NH,99364,(959)942-4151x4165,edwardssarah@example.org,Resigned/Separated - Not Eligible for Rehire,,CG,64.27,1 - Unacceptable,,,2025-12-20,2025-12-21,,2024-03-12,33,18,72,1953-05-16,Female,High School,"English, Spanish",Fernando Burns,(319)517-7902x5958,Sense level past camera whether.
57,Bradley,Fernandez,29949 Danielle Plain,New Tiffany,IN,2990,+1-763-956-2831x214,cohenalyssa@example.com,Resigned/Separated - Eligible for Rehire,,ADMIN,46.41,0 - Not Applicable,,,2025-12-20,2025-12-22,,2026-04-22,22,2,58,1966-12-21,Male,4 year College,"English, Spanish",Samuel Jackson,001-466-616-8864x347,Market huge single movement everything door section space.
58,Amanda,Novak,9850 Martinez Fords,Patriciabury,AR,14131,001-206-897-7587x3393,wendy17@example.org,Resigned/Separated - Eligible for Rehire,,RN,38.54,1 - Unacceptable,,,2025-12-20,2026-01-15,,2024-09-08,16,21,63,1962-10-27,Male,High School,English,Dean Swanson,5327126628,Among their reach adult loss.
59,Guy,Jackson,2969 Johnson Drives,Vincentland,PR,82435,(899)298-7388x552,davidperez@example.com,Resigned/Separated - Eligible for Rehire,,CHHA,74.14,1 - Unacceptable,,,2025-12-20,2025-12-20,,2026-10-18,37,3,30,1995-07-20,Female,High School,"English, Spanish",Anne Hudson,903.434.7827,Score wife serious leader.
60,Carlos,Sanders,48160 Blair Valley,North Bobbyfurt,OK,68726,926-474-2356,cooperamber@example.com,Resigned/Separated - Eligible for Rehire,,CNA,59.49,3 - Meets Expectations,,,2025-12-21,2026-01-07,,2026-06-15,12,30,48,1977-04-15,Male,4 year College,"English, Spanish",Trevor Brown,(296)772-7856x69869,Heavy along stand hard fill heart science.
61,Kevin,Gilmore,10299 Deborah Passage Apt. 505,Johnsontown,TX,59695,892.824.7763x18623,david54@example.com,Resigned/Separated - Eligible for Rehire,,CNA,56.43,3 - Meets Expectations,,,2025-12-22,2025-12-25,,2026-06-05,30,30,43,1982-06-06,Male,4 year College,English,Curtis Roberts DDS,(245)226-6944,Then provide section either hour.
62,Ann,Graham,99551 Brown Glen,Lake Kimberly,SD,78435,659.459.4601x496,kelly25@example.net,Resigned/Separated - Eligible for Rehire,,CG,32.76,4 - Exceeds Expectations,,,2025-12-22,2025-12-24,,2026-10-15,28,39,75,1950-06-09,Female,High School,English,Margaret Fernandez,(847)315-4684x8379,Blood rich play important determine.
63,Philip,Mcdaniel,5314 Justin Prairie Apt. 548,Schwartzfurt,FL,51610,(497)596-3804x98978,vstevens@example.net,Resigned/Separated - Eligible for Rehire,,CNA,55.53,3 - Meets Expectations,,,2025-12-23,2025-12-27,,2024-09-23,5,18,53,1972-07-09,Female,High School,English,Kimberly King,596.823.9356,Himself ever into just shake everything weight.
64,Bob,Weiss,860 Cindy Plains Suite 803,Ericfurt,MA,61533,(791)612-9672x5933,englishcharles@example.org,Resigned/Separated - Not Eligible for Rehire,,CHHA,29.93,1 - Unacceptable,,,2025-12-23,2025-12-26,,2025-03-10,39,19,35,1990-09-11,Female,High School,"English, French",William Case,(883)273-9136,More billion staff happen indicate out.
65,Scott,Johnson,4251 Leslie Stream Suite 212,Markstad,TN,58825,410.994.8583,marshdarrell@example.org,Active,,RN,19.5,0 - Not Applicable,,,2025-12-24,,,2024-01-17,14,3,39,1986-01-17,Male,Associate Degree,"English, Spanish",Robert Scott,302.499.7977,Relationship call leave class boy pay identify.
66,Erica,Porter,4642 Braun Divide,North Katherineside,WY,92887,658-808-6929,htanner@example.com,Resigned/Separated - Eligible for Rehire,,CG,26.97,0 - Not Applicable,,,2025-12-24,2026-01-10,,2026-06-12,24,11,72,1953-11-30,Female,4 year College,"English, Spanish",Jennifer Tran,+1-241-592-8453x7403,Behind process plan trouble.
67,Matthew,Hopkins,4562 Barbara Village,South Gregory,ID,49565,712.941.5169x385,kelly23@example.net,Resigned/Separated - Eligible for Rehire,,LPN,67.55,3 - Meets Expectations,,,2025-12-24,2025-12-28,,2024-02-16,15,18,59,1966-09-17,Male,High School,"English, Spanish",April Smith,001-379-256-3198x649,He better by compare note human.
68,Peter,Gill,0157 Holloway Wells,Royberg,NJ,18133,(359)621-9193,rachelpeterson@example.org,Resigned/Separated - Eligible for Rehire,,CG,41.43,4 - Exceeds Expectations,,,2025-12-24,2026-01-06,,2024-01-12,31,37,64,1961-05-18,Male,Associate Degree,English,Kyle Houston Jr.,001-661-739-7217,Growth blue program.
69,Mary,Anderson,0484 Robinson Village Apt. 796,Lake Elizabethmouth,FM,23455,891.568.5558,yfriedman@example.net,Resigned/Separated - Not Eligible for Rehire,,ADMIN,38.76,1 - Unacceptable,,,2025-12-25,2026-01-01,,2026-10-25,14,7,37,1988-07-17,Female,High School,English,Karen Nguyen,898-563-4133x43349,Notice return hold same.
70,Kelly,Williams,1533 Brandon Villages,New Josephview,PW,87020,726.894.3290x50229,bethanyschwartz@example.org,Resigned/Separated - Eligible for Rehire,,CNA,70.77,0 - Not Applicable,,,2025-12-25,2026-01-01,,2024-03-08,7,3,32,1993-03-18,Female,Associate Degree,"English, Spanish",Jessica Galloway,(692)308-7124,Meeting amount left what international training.
71,Sandra,Fletcher,765 Knight Burgs,Perkinsberg,OK,29646,233-983-7885x701,kwright@example.org,Active,,LPN,69.63,0 - Not Applicable,,,2025-12-25,,,2025-03-18,26,13,53,1972-05-25,Female,4 year College,"English, Spanish",Shannon Parker,(791)789-1279x08990,Case fear late protect ready.
72,Melissa,Cooley,8935 Martin Shore,Jenniferfort,MA,72905,989-275-3834,eric53@example.com,Resigned/Separated - Not Eligible for Rehire,,LPN,61.92,0 - Not Applicable,,,2025-12-25,2025-12-26,,2024-03-02,7,8,25,2000-10-10,Female,Associate Degree,"English, Spanish",John Horne,4063681505,Inside trade member east.
73,Deborah,Miranda,68652 Elaine Port Apt. 481,North Moniqueside,CO,34093,680-252-5278x79222,sarahlawson@example.com,Resigned/Separated - Eligible for Rehire,,CNA,27.33,0 - Not Applicable,,,2025-12-26,2026-01-17,,2024-03-02,18,32,51,1974-09-24,Male,Associate Degree,"English, French",William Spencer,930.429.0671x06570,Pattern get light us together.
74,Stephanie,Wolfe,2046 Mccarthy Loaf,Juliamouth,PW,47532,993-738-2355x907,johnsondouglas@example.com,Resigned/Separated - Eligible for Rehire,,CHHA,37.43,3 - Meets Expectations,,,2025-12-26,2025-12-27,,2026-01-23,14,37,66,1959-04-03,Male,High School,"English, Spanish",Lisa Wagner,595-403-8685,Central of score yard high to.
75,Kelsey,Campbell,10102 Jackson Village,North Chelsea,AL,6500,+1-647-718-0547x3708,vhaynes@example.org,Resigned/Separated - Eligible for Rehire,,RN,38.49,1 - Unacceptable,,,2025-12-26,2025-12-27,,2025-04-06,37,9,74,1951-08-15,Male,4 year College,"English, Spanish",Lisa Perry,310.505.3668x202,Nature citizen rest young do partner.
76,Anne,Daugherty,1287 Brandon Ford Suite 256,North Kimberly,FL,39955,568.296.3587x23219,sjohnson@example.net,Resigned/Separated - Not Eligible for Rehire,,LPN,35.88,3 - Meets Expectations,,,2025-12-26,2026-01-08,,2024-09-26,13,9,43,1982-08-17,Male,4 year College,"English, Spanish",Leslie Wilson,921-771-8379x37280,American food benefit run try.
77,Christopher,Jordan,468 Jefferson Bridge Apt. 236,Emilyberg,PR,583,5889353914,nicholasfuller@example.net,Resigned/Separated - Eligible for Rehire,,CHHA,26.0,3 - Meets Expectations,,,2025-12-27,2026-01-17,,2026-07-02,37,19,36,1989-07-24,Male,4 year College,"English, French",Steven Ruiz,6373235904,Two section laugh.
78,Colin,Burch,330 Shari Falls,Port Karen,DC,57177,412.277.3130,lisabates@example.com,Resigned/Separated - Eligible for Rehire,,CG,54.91,3 - Meets Expectations,,,2025-12-28,2026-01-01,,2026-10-15,17,36,57,1968-02-16,Male,High School,"English, Spanish",Betty Hopkins,001-312-773-3819x618,Rule expect local spend less.
79,Heather,Fischer,6604 Williams Viaduct,Tuckertown,OH,34506,+1-829-402-4816,reginaldwest@example.org,Resigned/Separated - Eligible for Rehire,,LPN,56.38,0 - Not Applicable,,,2025-12-28,2026-01-02,,2024-10-24,18,13,53,1972-07-19,Male,Associate Degree,"English, Spanish",George Mcdaniel,(430)615-6491x30048,Care at technology alone energy song pass.
80,Scott,Moore,070 Clay Point Apt. 616,East Kellyburgh,GU,73633,+1-780-812-9457x783,yvettecalderon@example.net,Resigned/Separated - Eligible for Rehire,,ADMIN,38.19,4 - Exceeds Expectations,,,2025-12-29,2025-12-31,,2024-12-17,12,33,57,1968-05-31,Male,High School,English,Valerie Anderson,722-615-5401x16806,Character defense that shake.
81,Frank,Walton,2852 Simmons Plaza,South Angelamouth,NH,51673,001-781-287-3632x432,parkererica@example.net,Resigned/Separated - Not Eligible for Rehire,,CG,58.89,3 - Meets Expectations,,,2025-12-29,2026-01-09,,2026-07-12,11,28,49,1976-03-22,Male,Associate Degree,"English, French",Amber Ross,(616)215-8130x502,Evidence staff all often sport sea prevent street.
82,Christina,Gonzales,063 Marks Lane Suite 330,North Marcia,RI,24615,+1-519-924-9730x78257,hdavis@example.org,Resigned/Separated - Eligible for Rehire,,RN,23.78,0 - Not Applicable,,,2025-12-29,2025-12-31,,2024-10-05,2,10,50,1975-12-29,Female,High School,English,Erika Anderson,894-615-4740x882,Outside tonight wonder night then.
83,Julie,Peck,9369 Thomas Underpass,West Lukeside,DC,41349,(960)327-2487x25034,ogarcia@example.com,Resigned/Separated - Eligible for Rehire,,ADMIN,49.36,3 - Meets Expectations,,,2025-12-29,2025-12-31,,2026-02-03,22,40,55,1970-04-06,Male,4 year College,"English, Spanish",Gregory Compton,206.933.0652x03607,Compare economic foot lot how.
84,Michael,Pacheco,8475 Kenneth Lakes,West Katrina,OH,94724,+1-544-449-8125x455,xbrowning@example.org,Resigned/Separated - Eligible for Rehire,,LPN,18.2,3 - Meets Expectations,,,2025-12-30,2025-12-30,,2025-02-27,29,19,70,1955-07-05,Female,4 year College,"English, French",Gina Cochran,(888)770-6887x1642,Office blue whether occur everything into.
85,Christy,Cox,593 Love Manors,South Melissamouth,HI,62473,281.918.4628,marcia60@example.org,Resigned/Separated - Eligible for Rehire,,ADMIN,56.13,0 - Not Applicable,,,2025-12-30,2026-01-09,,2026-07-07,33,23,64,1961-10-26,Male,Associate Degree,English,Brandon Henry,+1-960-865-3943x10847,Financial form through economic.
86,Cassie,Smith,734 Taylor Ramp,New Rachel,NE,54342,861.730.7803x2027,rachel00@example.net,Resigned/Separated - Not Eligible for Rehire,,LPN,30.1,4 - Exceeds Expectations,,,2025-12-30,2026-01-03,,2026-08-23,31,2,71,1954-04-25,Female,High School,"English, French",Benjamin Hill,420.578.6064x12074,Cost performance city baby star.
87,Jeff,Stephenson,05380 Monica Pine Suite 113,Welchton,OK,12409,450.760.1743x53997,erinskinner@example.net,Resigned/Separated - Eligible for Rehire,,CNA,17.62,0 - Not Applicable,,,2025-12-30,2026-01-03,,2026-11-07,1,2,72,1953-02-20,Female,Associate Degree,English,Donna Ward,260.611.8402,Ground democratic major.
88,Michael,Padilla,5944 Nicole Park Apt. 382,New Christopherchester,NM,68317,(284)587-9031x3518,timothysalas@example.net,Resigned/Separated - Eligible for Rehire,,CNA,66.33,3 - Meets Expectations,,,2025-12-31,2026-01-08,,2024-09-03,9,16,39,1986-03-25,Male,High School,"English, French",Keith Gonzales,360-709-4102,Oil though entire good must song like.
89,Cody,Mcclain,077 John Estate,Davidview,MP,65842,624.845.7588,james41@example.com,Resigned/Separated - Eligible for Rehire,,RN,30.33,3 - Meets Expectations,,,2025-12-31,2026-01-06,,2024-05-03,17,30,26,1999-03-03,Male,High School,English,Tina Snyder,001-921-334-0015x91900,They energy wind person.
90,Jared,Ward,9613 Emily Land Apt. 869,Danielleborough,VT,84735,(351)963-7093x570,yangrobin@example.org,Resigned/Separated - Eligible for Rehire,,CG,30.59,0 - Not Applicable,,,2026-01-01,2026-01-03,,2024-06-10,40,25,40,1985-10-15,Female,High School,English,Stephen Bradley,(456)204-7261,Church street him benefit candidate question.
91,Natasha,James,370 Brown Locks Suite 750,Port Rodney,AZ,96198,881.249.1248,hollywilliams@example.net,Resigned/Separated - Not Eligible for Rehire,,RN,63.49,1 - Unacceptable,,,2026-01-01,2026-01-18,,2025-05-17,6,25,18,2007-07-02,Female,Associate Degree,"English, Spanish",Eric Porter,(641)381-4055,Usually resource who everything bank event here stop.
92,William,Monroe,3280 Garcia Via Suite 043,Salazarborough,FL,6269,(200)523-4061x37414,joanna03@example.org,Resigned/Separated - Eligible for Rehire,,CHHA,23.48,4 - Exceeds Expectations,,,2026-01-02,2026-01-07,,2026-03-08,3,39,44,1981-09-06,Female,High School,English,Jennifer Long,376.951.5737,Drive create instead sport.
93,Cody,Garrett,1882 Williams Court,North Nicholas,CO,83505,+1-400-796-7767x895,mendezbrianna@example.org,Resigned/Separated - Eligible for Rehire,,CG,50.99,0 - Not Applicable,,,2026-01-03,2026-01-10,,2026-12-19,30,19,21,2004-05-29,Male,High School,English,Nicole Pruitt,+1-407-512-3905x909,Such computer message drop.
94,Ronald,Perkins,45097 Johnson Throughway Apt. 757,Hatfieldview,AZ,21323,+1-975-825-3399,gibbssusan@example.org,Resigned/Separated - Eligible for Rehire,,CNA,64.65,1 - Unacceptable,,,2026-01-03,2026-01-04,,2024-11-07,39,5,29,1996-06-24,Male,High School,"English, French",Nathan Mitchell,(690)763-9216x49795,Today throughout form especially six research top.
95,Michael,Horne,9253 Elliott Trafficway,Bethanychester,IA,12377,+1-618-875-9461x87375,fieldsjoseph@example.org,Resigned/Separated - Eligible for Rehire,,CG,46.95,3 - Meets Expectations,,,2026-01-04,2026-01-11,,2026-12-29,37,27,62,1963-12-21,Female,4 year College,"English, Spanish",Blake Lee,463.718.4192x381,Method over white change drug sea summer leave.
96,Justin,Hughes,111 Emily Plains Apt. 502,Mooremouth,AL,6162,(571)909-9939x987,zsnyder@example.org,Resigned/Separated - Eligible for Rehire,,ADMIN,58.16,3 - Meets Expectations,,,2026-01-04,2026-01-05,,2024-07-16,9,11,58,1967-10-19,Male,4 year College,English,Joanna Choi,(552)927-6042,Former he other list within.
97,Paige,Castaneda,396 Brown Rue Apt. 459,South Amyshire,AL,44700,001-556-416-1852x55579,pagemarissa@example.net,Resigned/Separated - Not Eligible for Rehire,,CNA,46.88,1 - Unacceptable,,,2026-01-04,2026-01-05,,2024-09-20,23,29,35,1990-02-16,Male,Associate Degree,"English, French",Claire Flores,352.571.7521x8298,Ball apply organization agreement enough wide push.
98,Ashlee,Arroyo,166 Katherine Mission Suite 088,Calvinview,PW,44845,+1-749-656-2397x155,nicole87@example.org,Resigned/Separated - Eligible for Rehire,,CG,49.18,0 - Not Applicable,,,2026-01-05,2026-02-12,,2024-02-17,13,29,46,1979-03-27,Female,High School,"English, Spanish",Elizabeth Garcia,001-828-289-8483,Perhaps southern leg discussion.
99,Michael,Cook,959 Coleman Ways Apt. 485,Christopherport,CO,23692,258-927-9005x7748,jessica84@example.net,Resigned/Separated - Not Eligible for Rehire,,LPN,58.51,0 - Not Applicable,,,2026-01-05,2026-01-20,,2024-01-26,25,23,41,1984-05-10,Female,High School,English,Jeffrey Yates,906-918-2283x1083,Step test somebody she.
100,William,Bishop,619 John Brooks,Rodrigueztown,SD,91129,(327)822-3554x77917,thomasboyd@example.com,Resigned/Separated - Not Eligible for Rehire,,LPN,38.37,3 - Meets Expectations,,,2026-01-06,2026-01-15,,2027-01-05,40,23,45,1980-03-09,Male,4 year College,English,Marco Haas,001-798-870-3523x847,Win friend senior doctor skin.
101,Andrew,Wilson,9554 Daniel Road,West Scottshire,TX,50194,877.607.0097,dcampbell@example.net,Resigned/Separated - Eligible for Rehire,,RN,54.71,4 - Exceeds Expectations,,,2026-01-06,2026-01-26,,2024-12-04,21,11,30,1995-04-01,Female,High School,English,Hannah Frey,(760)762-2462,Fire effect able beyond.
102,Todd,Moore,705 Page Glen,Port Susan,CO,2664,(245)730-2350,fosterbryan@example.net,Resigned/Separated - Eligible for Rehire,,ADMIN,31.29,0 - Not Applicable,,,2026-01-07,2026-01-22,,2026-09-02,1,13,73,1952-05-03,Female,4 year College,"English, Spanish",Christopher Bowman,(585)416-4857x28185,Push bad modern listen hit us serve keep.
103,Sharon,Robertson,022 Adams Drive Apt. 113,West Charles,NC,57301,661.744.7404,heidifleming@example.net,Resigned/Separated - Not Eligible for Rehire,,LPN,63.67,4 - Exceeds Expectations,,,2026-01-07,2026-01-16,,2025-09-29,33,21,27,1998-02-23,Female,Associate Degree,English,Cassie Maxwell,+1-777-661-0877x316,Time matter theory allow drive coach ready know.
104,Elizabeth,Thomas,0196 Wiggins Rue,Hernandezstad,SC,7205,4809307114,jacqueline64@example.org,Resigned/Separated - Eligible for Rehire,,ADMIN,24.11,1 - Unacceptable,,,2026-01-07,2026-02-01,,2025-10-05,7,26,48,1977-02-19,Male,High School,"English, French",Jessica White,598.750.0002,Certainly book discuss long along something eight.
105,Chelsea,Galvan,80571 Patricia Lakes,Lake Cathy,CO,25382,782-298-6386,relliott@example.net,Resigned/Separated - Eligible for Rehire,,ADMIN,62.92,3 - Meets Expectations,,,2026-01-07,2026-01-08,,2026-08-27,29,23,34,1991-01-17,Male,High School,English,Brittany Graham,+1-751-445-2755x03688,Bring field bag less.
106,Melanie,Reynolds,4249 Timothy Island,Port Kristinastad,CO,92141,+1-486-249-6144,guerrerosandra@example.com,Resigned/Separated - Eligible for Rehire,,LPN,35.0,3 - Meets Expectations,,,2026-01-08,2026-01-13,,2024-05-14,22,37,42,1983-05-27,Male,4 year College,English,Steven Robinson Jr.,(254)344-0912x6118,Coach us society others service.
107,William,Moody,3789 Michael Pine,North Michelle,MO,23260,(770)481-7806x964,carl39@example.net,Resigned/Separated - Not Eligible for Rehire,,CHHA,25.14,4 - Exceeds Expectations,,,2026-01-09,2026-01-20,,2024-07-20,16,11,33,1992-05-03,Male,High School,"English, Spanish",Christopher Fields,(304)461-4543x221,System stand different order.
108,Sydney,Murray,3404 Ashley Haven,Lynnland,NE,63693,001-767-710-8516,ryanmatthews@example.com,Resigned/Separated - Not Eligible for Rehire,,CHHA,28.53,4 - Exceeds Expectations,,,2026-01-09,2026-01-13,,2024-10-25,24,26,18,2008-01-03,Female,4 year College,"English, Spanish",Jessica Garcia,479-362-7881,None seem owner away care international pressure.
109,Kim,Farmer,220 Jennifer Passage,West Mathewburgh,VA,28403,001-460-528-9482x75056,lhamilton@example.net,Resigned/Separated - Eligible for Rehire,,ADMIN,23.51,1 - Unacceptable,,,2026-01-10,2026-01-17,,2026-01-14,24,2,40,1985-10-23,Male,4 year College,"English, French",Glen Davis,001-661-600-9904x49318,Actually hold exactly.
110,Norma,Mcpherson,874 Bill Avenue,West Andremouth,FM,75741,4117219250,kristin73@example.com,Active,,LPN,65.38,0 - Not Applicable,,,2026-01-10,,,2024-02-04,33,22,29,1996-07-07,Female,4 year College,"English, Spanish",Tyler Griffith,001-458-971-4979x95962,Ground pressure mouth see find either.
111,Krystal,Grant,274 Hoffman Extensions,Roblesland,MT,29173,+1-777-968-9098x17627,mperez@example.net,Resigned/Separated - Eligible for Rehire,,CHHA,61.4,3 - Meets Expectations,,,2026-01-10,2026-01-12,,2026-03-08,13,5,49,1976-02-28,Female,Associate Degree,"English, Spanish",Victoria Watson,(987)498-5825x79357,Wrong executive glass myself trial Congress.
112,Katherine,Spencer,292 Davis Canyon,Tammyberg,MN,11146,4447999022,awest@example.org,Resigned/Separated - Not Eligible for Rehire,,CG,35.78,1 - Unacceptable,,,2026-01-11,2026-01-14,,2025-06-14,40,31,43,1982-12-31,Male,Associate Degree,"English, Spanish",Daniel Jones,457-775-8379x3612,Inside news where class.
113,Kara,Brown,87430 Romero Spur Apt. 365,Buchananhaven,MN,24708,7532329055,vincenthanson@example.com,Resigned/Separated - Eligible for Rehire,,CHHA,45.11,1 - Unacceptable,,,2026-01-11,2026-02-18,,2024-09-26,17,28,54,1971-07-10,Female,Associate Degree,"English, French",Jeffery Clay,939.919.1106x76593,Law fire who account guess.
114,Amy,Burke,21783 Mcgee Lights,Jessicaville,NE,59411,489-433-8101x40507,perezjustin@example.com,Resigned/Separated - Eligible for Rehire,,CNA,19.75,3 - Meets Expectations,,,2026-01-11,2026-01-21,,2025-09-26,21,15,54,1971-05-20,Female,4 year College,English,Kimberly Parsons,(543)257-1531,For role local discussion.
115,Jennifer,Hansen,1491 Jefferson Station Suite 624,Madisonview,UT,73161,(322)479-0849,lrusso@example.com,Resigned/Separated - Not Eligible for Rehire,,CG,42.49,4 - Exceeds Expectations,,,2026-01-12,2026-01-14,,2024-09-29,29,11,54,1971-06-07,Female,Associate Degree,English,Robert Robles,(342)300-9092x44213,Collection than drug important strong remain.
116,Tommy,Mcfarland,155 Diaz Green,Lake Denisechester,TN,91573,835.748.6549x6160,jeff15@example.com,Resigned/Separated - Eligible for Rehire,,ADMIN,17.67,1 - Unacceptable,,,2026-01-13,2026-01-19,,2026-04-24,0,6,40,1985-03-17,Female,4 year College,"English, French",Teresa Cooke,+1-721-220-6432x1612,Light individual suffer detail together set degree.
117,Bianca,Gomez,324 Contreras Pine,North Ronald,GA,87500,(921)222-8388x94943,brodriguez@example.com,Resigned/Separated - Eligible for Rehire,,CHHA,72.48,1 - Unacceptable,,,2026-01-13,2026-01-30,,2024-10-14,21,8,22,2003-06-20,Male,High School,"English, Spanish",Michelle Livingston,(430)396-4675x69043,Language respond table model win surface social.
118,Vanessa,Hoffman,58131 Flores Port Apt. 747,East Shawn,MA,3964,+1-448-759-2138,jose56@example.net,Resigned/Separated - Eligible for Rehire,,CHHA,45.11,1 - Unacceptable,,,2026-01-13,2026-01-13,,2024-08-23,12,32,31,1994-02-07,Female,Associate Degree,"English, Spanish",Melinda Morris,685-552-5689,Seat style read southern individual.
119,Jennifer,Martinez,0509 Valerie Key Apt. 188,West Garybury,SC,28027,5968896855,amber26@example.net,Resigned/Separated - Not Eligible for Rehire,,ADMIN,33.94,3 - Meets Expectations,,,2026-01-14,2026-01-19,,2025-04-14,38,33,73,1953-01-05,Female,Associate Degree,"English, Spanish",Brandy Cox,7358856127,Else economy then live citizen life.
120,Kristen,Pitts,617 Nicole Views Apt. 589,Lewismouth,MA,28076,+1-835-938-2169x69146,baileydevin@example.net,Resigned/Separated - Not Eligible for Rehire,,ADMIN,38.39,3 - Meets Expectations,,,2026-01-15,2026-02-01,,2026-02-19,32,15,23,2002-12-01,Male,Associate Degree,"English, Spanish",Kelly Daniel,437-934-6313x137,Effect focus especially animal again forward.
121,Samantha,Bennett,145 Brandon Pike,North Tiffanyton,MP,15080,+1-900-491-3729x4256,tgarcia@example.com,Resigned/Separated - Eligible for Rehire,,RN,64.34,0 - Not Applicable,,,2026-01-15,2026-02-21,,2024-12-18,11,37,57,1968-07-24,Male,High School,"English, Spanish",Lisa Jordan,236-649-7447x73847,Station big necessary heart mind deep week state.
122,Derek,Martin,64824 Chelsea Wall Apt. 056,Port Sarah,WA,12732,(715)568-3259x198,ellen66@example.net,Resigned/Separated - Not Eligible for Rehire,,CNA,65.01,4 - Exceeds Expectations,,,2026-01-15,2026-01-20,,2025-03-13,35,30,71,1954-04-15,Female,4 year College,"English, Spanish",Jennifer Tucker,+1-905-345-9637x93716,Form show officer challenge well.
123,Elizabeth,Macdonald,5948 Gardner Curve,South Christopher,LA,82303,246.573.8000,snydermatthew@example.org,Resigned/Separated - Eligible for Rehire,,ADMIN,64.94,1 - Unacceptable,,,2026-01-15,2026-01-18,,2026-01-22,26,6,30,1995-06-20,Male,Associate Degree,"English, French",Michael Stout,873-343-0919,Third media respond evening before rise.
124,Donna,Powers,525 Amy Unions Apt. 138,Lake Donnaburgh,KY,24111,+1-577-879-0772x77733,tracy82@example.org,Resigned/Separated - Eligible for Rehire,,LPN,28.09,4 - Exceeds Expectations,,,2026-01-16,2026-01-22,,2026-04-16,40,16,44,1981-07-20,Female,Associate Degree,"English, Spanish",Jacob Simpson,(796)808-5353,At staff fund trouble.
125,Jason,Taylor,7042 Johnson Grove,Smithtown,NV,62253,879.957.7686x694,qgarcia@example.org,Resigned/Separated - Eligible for Rehire,,ADMIN,18.65,1 - Unacceptable,,,2026-01-17,2026-01-18,,2024-05-31,33,17,37,1988-10-16,Female,High School,"English, Spanish",Nicholas Howell,673-796-2521x4897,Continue risk society power their voice.
126,Steven,Rodriguez,97584 Mitchell Turnpike,New Cassandra,MA,84177,001-675-418-7460x674,cherylaustin@example.org,Active,,CG,69.73,3 - Meets Expectations,,,2026-01-17,,,2026-05-17,39,17,66,1959-07-25,Female,4 year College,"English, French",Robert Lopez,001-204-416-6246x273,Beautiful drug modern him wind.
127,Thomas,Wilson,36196 Smith Orchard Apt. 255,East Jonathantown,SD,23712,001-293-508-4009,sandovaljuan@example.org,Resigned/Separated - Not Eligible for Rehire,,CNA,70.0,4 - Exceeds Expectations,,,2026-01-17,2026-01-29,,2026-11-10,28,38,60,1965-03-25,Female,High School,"English, French",Jessica Johnson,9927263632,Bring idea lead better like see different.
128,David,Jones,64389 Mullins Brooks Suite 832,New Eric,FM,80057,976.200.4226,davidgutierrez@example.com,Resigned/Separated - Eligible for Rehire,,RN,25.27,1 - Unacceptable,,,2026-01-18,2026-02-03,,2024-10-01,5,3,48,1977-08-17,Female,High School,"English, Spanish",Dr. Cynthia Harper,821-757-7163,Long century answer begin professor whom.
129,Michael,Grant,731 Jackson Expressway,West Aliceville,WY,60170,001-921-318-8867x23426,angelabriggs@example.org,Resigned/Separated - Not Eligible for Rehire,,CG,52.49,0 - Not Applicable,,,2026-01-19,2026-01-23,,2025-03-13,33,20,44,1981-12-17,Female,High School,English,John Haynes,657.638.4683x74506,Staff rule set wide cup Democrat politics.
130,Linda,Matthews,2721 Smith Square,East Laurenville,MO,45615,904.669.6762x00629,jasonreyes@example.net,Resigned/Separated - Eligible for Rehire,,CNA,41.53,4 - Exceeds Expectations,,,2026-01-19,2026-01-25,,2026-10-29,33,23,46,1979-02-28,Female,Associate Degree,"English, French",Benjamin Mclean,001-679-690-0877,Be task picture truth between forward eat.
131,Christopher,Anderson,77168 Martinez Trafficway Apt. 944,Staceyview,FM,3418,001-299-301-1934x274,joshuahurst@example.net,Resigned/Separated - Not Eligible for Rehire,,LPN,50.02,0 - Not Applicable,,,2026-01-19,2026-02-07,,2025-08-12,2,29,52,1973-07-17,Female,4 year College,"English, Spanish",Deborah Santos,5478534273,Couple hand only.
132,Juan,Tyler,782 Davis Valley,Port Lisaberg,HI,15448,001-922-840-8671x540,schultzjoan@example.net,Resigned/Separated - Eligible for Rehire,,ADMIN,32.9,0 - Not Applicable,,,2026-01-19,2026-01-31,,2024-04-18,2,34,75,1950-12-04,Male,Associate Degree,"English, Spanish",Elizabeth Townsend,533.784.6414,Red four film middle.
133,Theresa,Serrano,1561 Maria Loop,Lake Elizabeth,ME,32889,8129436960,erogers@example.net,Active,,LPN,46.14,4 - Exceeds Expectations,,,2026-01-20,,,2026-04-04,17,18,24,2001-05-19,Male,High School,"English, Spanish",John Shea,(757)408-8676x756,Music would no score time budget seven outside.
134,Heather,Lopez,73613 Vargas Pines,Smithchester,WI,4817,569.632.0705x02274,carrieacevedo@example.net,Resigned/Separated - Eligible for Rehire,,ADMIN,61.79,1 - Unacceptable,,,2026-01-20,2026-02-11,,2024-10-29,4,28,33,1992-09-21,Male,High School,"English, Spanish",Nichole Wells,(889)592-7385,Voice fill soon fall central body month far.
135,Thomas,Howell,80832 Schroeder Lock,Port Edwardfurt,NE,85983,+1-783-794-8590,swansondebra@example.net,Resigned/Separated - Not Eligible for Rehire,,RN,66.2,0 - Not Applicable,,,2026-01-20,2026-02-02,,2024-03-26,4,4,37,1988-08-29,Male,4 year College,"English, French",Monica Roberson,001-883-465-7406,Democrat history likely raise.
136,David,Payne,0466 Jones Mission,New Kevin,FM,85109,+1-465-633-1379x9207,tuckerjesse@example.com,Resigned/Separated - Eligible for Rehire,,CNA,24.69,0 - Not Applicable,,,2026-01-21,2026-01-24,,2024-10-23,13,0,27,1998-02-28,Male,High School,English,Jack Garcia,001-280-952-6334,Anything send top our ready.
137,Michelle,Logan,0770 Cook Mountains Apt. 072,Port Garyside,MA,63034,8964129582,walkerheidi@example.net,Resigned/Separated - Eligible for Rehire,,RN,54.55,4 - Exceeds Expectations,,,2026-01-21,2026-01-23,,2024-06-29,12,13,70,1955-08-29,Female,Associate Degree,"English, Spanish",Andrew Chapman,+1-250-951-7763x889,Two network great another name term ago.
138,Steven,Carlson,1222 Philip Stravenue Apt. 596,South Gregory,AR,63824,(963)567-1987,kelli12@example.org,Resigned/Separated - Not Eligible for Rehire,,LPN,56.12,4 - Exceeds Expectations,,,2026-01-21,2026-02-04,,2026-12-07,16,28,53,1972-11-06,Female,Associate Degree,"English, French",Christopher Estrada,+1-296-234-5174x550,Million debate left identify no form focus concern.
139,Steven,Arellano,47694 Green Hill Suite 506,East Jefferytown,AS,15411,001-838-622-6120x2646,gsims@example.org,Resigned/Separated - Not Eligible for Rehire,,CHHA,24.07,4 - Exceeds Expectations,,,2026-01-21,2026-02-25,,2026-04-27,39,1,63,1962-04-03,Male,4 year College,English,Christian Roy,468.494.2539,Walk improve move whom director.
140,Tammy,Rodriguez,41123 Colleen Meadows,West Sarahchester,CA,87852,001-414-303-0980,travis47@example.org,Resigned/Separated - Eligible for Rehire,,CG,22.94,0 - Not Applicable,,,2026-01-22,2026-02-06,,2025-03-18,24,8,55,1970-09-23,Female,4 year College,English,Debra Tucker,265.943.6038x1249,Could town very attack should experience.
141,Charles,Meyer,23643 Jennifer River Apt. 702,Andrewsshire,FM,61473,(537)472-0854x922,madisongeorge@example.net,Resigned/Separated - Eligible for Rehire,,CHHA,17.32,0 - Not Applicable,,,2026-01-22,2026-01-27,,2026-03-13,10,4,59,1966-07-14,Female,Associate Degree,English,Robert Miller,001-544-410-0078,Answer western parent week.
142,Susan,Mendoza,66357 Torres Roads Suite 368,Hallside,CA,53030,(330)706-4525,jgomez@example.com,Active,,LPN,18.52,4 - Exceeds Expectations,,,2026-01-22,,,2025-03-11,40,35,62,1963-10-25,Female,4 year College,English,Fred Church PhD,595.879.1473x5889,Evening tonight beautiful.
143,Nicholas,Zamora,3564 Joel Prairie,North Andrea,AZ,92528,969.592.0757,gibbskiara@example.net,Resigned/Separated - Eligible for Rehire,,ADMIN,30.33,0 - Not Applicable,,,2026-01-22,2026-01-28,,2025-08-18,26,8,58,1967-05-20,Male,Associate Degree,English,John Boyer,564.786.9380,Tend say force why bring quite.
144,Mackenzie,Paul,650 Delgado Squares,Lake William,MN,10599,841.381.5226,richard00@example.com,Active,,CNA,50.91,4 - Exceeds Expectations,,,2026-01-23,,,2026-06-25,15,8,72,1953-05-31,Female,High School,"English, Spanish",Andrea Hughes,573.412.0011x65088,Mention fly room sound.
145,Mark,Wallace,537 Jodi Rapids Suite 843,Kimberlyfort,PR,67704,9594379298,reedchristopher@example.com,Resigned/Separated - Eligible for Rehire,,CG,22.95,3 - Meets Expectations,,,2026-01-23,2026-01-30,,2024-10-08,5,22,71,1954-07-23,Female,4 year College,"English, French",Heather Kent,326.374.2612x7744,Mind bar result certainly.
146,April,Peterson,2179 Hernandez Junction Apt. 315,Williamsborough,SD,6316,+1-846-559-1931,mccormicklinda@example.net,Resigned/Separated - Eligible for Rehire,,CHHA,69.33,3 - Meets Expectations,,,2026-01-23,2026-02-09,,2025-12-02,11,6,20,2005-11-23,Male,4 year College,English,Dylan Pearson,+1-364-383-3755x598,So unit politics various pay success.
147,Elizabeth,Hanson,3383 Wheeler Row,Jenniferview,FM,25610,001-643-891-0885x474,mariah69@example.org,Active,,CNA,61.05,4 - Exceeds Expectations,,,2026-01-24,,,2025-04-05,37,13,69,1956-08-11,Male,4 year College,English,Stephanie Pace,858-586-2303x4526,Grow certain Mr capital head marriage everything organization.
148,Terri,Peterson,2946 Chung Alley Suite 120,Wendyville,MT,12361,280.816.4210x427,meagan25@example.net,Resigned/Separated - Eligible for Rehire,,CG,53.9,3 - Meets Expectations,,,2026-01-24,2026-01-31,,2024-08-21,35,14,67,1958-05-02,Male,4 year College,"English, French",Suzanne Robinson,001-320-491-9554x77474,Approach suddenly huge.
149,Natasha,Wright,6746 Jackson Branch Suite 584,Smithshire,ND,38098,(361)486-7956,angelicarichardson@example.net,Active,,CG,52.45,3 - Meets Expectations,,,2026-01-25,,,2025-12-22,19,22,27,1998-12-31,Female,Associate Degree,"English, Spanish",Andrew Hensley,(389)986-1043,Lay debate simply trouble.
150,Mark,Banks,13561 Dean Mills Apt. 310,Lake Larryton,IL,32397,+1-617-573-8217x3047,allengreen@example.com,Resigned/Separated - Not Eligible for Rehire,,RN,71.19,0 - Not Applicable,,,2026-01-26,2026-01-29,,2024-11-30,15,33,70,1955-04-14,Female,Associate Degree,"English, Spanish",Marvin Malone,+1-525-574-3246x206,Thousand yeah eight message.
151,Rachel,Gould,1579 Moore Knoll Apt. 350,East Kayla,MN,66646,839-238-1706,stephaniecook@example.org,Resigned/Separated - Eligible for Rehire,,CNA,40.19,3 - Meets Expectations,,,2026-01-26,2026-01-26,,2025-10-25,28,14,26,1999-08-22,Female,High School,English,Dorothy Garner,(415)417-6765x36559,Recognize industry statement parent within five.
152,Jackson,Vasquez,04999 Brandon Ford Suite 588,West Catherineside,ME,97312,+1-760-292-4986x6940,murphykatherine@example.org,Active,,ADMIN,21.89,1 - Unacceptable,,,2026-01-26,,,2024-10-01,0,12,36,1990-01-08,Male,High School,"English, French",Yolanda Martin,(787)638-0829,Answer behavior particularly.
153,Melissa,Newman,07011 Gates Station,Port Matthew,MA,76475,(325)918-8963x0077,crystalstevens@example.net,Resigned/Separated - Eligible for Rehire,,CHHA,19.86,0 - Not Applicable,,,2026-01-26,2026-02-12,,2024-03-07,31,21,25,2000-04-03,Male,Associate Degree,"English, Spanish",Vanessa Collins,(589)244-9702x28344,Piece star situation economy.
154,Megan,Holland,2514 Cruz Wall Apt. 357,Randyton,OH,31182,458-543-5035,loganbolton@example.org,Resigned/Separated - Eligible for Rehire,,LPN,66.59,1 - Unacceptable,,,2026-01-27,2026-02-12,,2026-08-13,9,12,29,1996-02-09,Male,Associate Degree,"English, French",Natasha Jackson,(451)250-6800x89545,Factor partner hundred.
155,Brian,Washington,3933 Jorge Drive Apt. 624,Mercadostad,UT,15471,393-499-5331x42187,hscott@example.net,Resigned/Separated - Eligible for Rehire,,LPN,21.68,4 - Exceeds Expectations,,,2026-01-27,2026-02-26,,2025-06-05,2,17,66,1959-09-15,Female,4 year College,"English, Spanish",Anthony Wall,(635)423-6398,Real series among increase success suddenly remain practice.
156,Gwendolyn,Wright,46486 Brown Harbor,Hunterside,NJ,68224,+1-632-916-7317x697,rhobbs@example.org,Resigned/Separated - Eligible for Rehire,,CNA,18.0,1 - Unacceptable,,,2026-01-28,2026-02-05,,2024-08-03,15,31,35,1991-01-18,Female,Associate Degree,English,April Hays,001-896-801-2068x160,Start product take sister here affect.
157,Crystal,White,379 Sean Pines Apt. 326,East Brendaton,AS,8327,2305165465,pottershelley@example.com,Active,,LPN,40.37,4 - Exceeds Expectations,,,2026-01-28,,,2025-08-14,18,37,52,1973-04-30,Female,High School,"English, Spanish",Raymond Hickman,992.435.2941,Draw his alone grow.
158,Kelly,Reeves,7769 Michael Isle Suite 184,Chandlerland,AK,7956,632.815.3409x62977,yfigueroa@example.net,Active,,ADMIN,39.74,1 - Unacceptable,,,2026-01-28,,,2025-03-02,33,40,38,1987-07-04,Female,4 year College,"English, Spanish",Felicia White,840.936.9202x67240,Others yet hot business religious upon least.
159,Mary,Byrd,109 Laura Port Suite 336,Sparksburgh,SD,68767,+1-303-816-4814x675,steven51@example.com,Resigned/Separated - Not Eligible for Rehire,,CG,25.79,4 - Exceeds Expectations,,,2026-01-28,2026-01-30,,2024-06-25,25,22,53,1973-01-06,Male,Associate Degree,"English, French",Robin Carroll,991.614.5310,Economy class kind although drop reduce.
160,Philip,Johnson,58241 Elliott Mills Apt. 402,East Amyberg,WV,38491,(705)640-3495x3447,christophernelson@example.com,Resigned/Separated - Not Eligible for Rehire,,LPN,31.5,3 - Meets Expectations,,,2026-01-29,2026-02-13,,2025-09-17,23,13,63,1962-10-07,Male,Associate Degree,"English, French",Ian Tapia,585.977.5202,Her debate interest professional.
161,James,Deleon,93246 Kendra Stravenue,West Jenniferside,MS,70637,(778)494-9575,morgancharles@example.com,Resigned/Separated - Eligible for Rehire,,CNA,26.31,4 - Exceeds Expectations,,,2026-01-30,2026-03-01,,2025-12-26,24,15,27,1998-09-30,Male,4 year College,English,Teresa Holloway,+1-465-944-2771x03289,Adult wrong build force good miss work.
162,Richard,Pittman,25472 Michael Plains,Owensstad,NM,54836,(737)706-3099x3466,rossjason@example.org,Resigned/Separated - Eligible for Rehire,,RN,38.38,0 - Not Applicable,,,2026-01-30,2026-02-03,,2026-06-24,17,36,32,1994-01-02,Male,Associate Degree,"English, French",Russell Wood,237-620-8813x580,Tough likely else carry experience attack remember.
163,Angela,Johnson,7498 Alicia Fork Suite 536,Calhounburgh,MT,46070,274.606.8257,robert31@example.net,Resigned/Separated - Eligible for Rehire,,CNA,66.29,3 - Meets Expectations,,,2026-01-31,2026-02-13,,2024-06-02,37,22,72,1953-07-26,Male,Associate Degree,"English, Spanish",Rachel Johnson,001-628-322-6702x703,Well inside sell economic.
164,Diana,George,204 Allen Fields Suite 373,Troyberg,PA,16519,001-651-597-6105x545,qferrell@example.org,Resigned/Separated - Eligible for Rehire,,CHHA,48.73,3 - Meets Expectations,,,2026-02-01,2026-02-24,,2025-06-24,30,23,33,1992-06-05,Male,Associate Degree,English,David Rivera,+1-988-302-7019,Contain red quite.
165,Heather,Cortez,708 Michael Mills Apt. 100,East Markview,LA,8075,(745)651-3304x426,joe83@example.org,Resigned/Separated - Eligible for Rehire,,CHHA,24.13,1 - Unacceptable,,,2026-02-01,2026-02-07,,2024-09-12,20,28,28,1998-01-01,Female,High School,"English, Spanish",James Cannon,201-274-6641x2687,Back scene chance writer money.
166,Erica,Smith,30966 Mclaughlin Garden,Buchananfurt,GU,91838,605.635.5919,jacobsonjulie@example.com,Resigned/Separated - Eligible for Rehire,,ADMIN,37.15,3 - Meets Expectations,,,2026-02-01,2026-02-06,,2025-01-04,24,29,61,1964-04-07,Male,4 year College,English,James Moss DVM,519.289.1512,Road view arrive.
167,Susan,Delgado,078 James Creek Suite 085,New Hollymouth,MO,9942,732-879-6974,toddnelson@example.org,Resigned/Separated - Not Eligible for Rehire,,ADMIN,39.17,1 - Unacceptable,,,2026-02-01,2026-02-15,,2025-04-08,24,0,22,2003-10-19,Female,High School,"English, French",Dr. John Ross,7479367649,Forward director key throughout maintain office support.
168,Michelle,Martinez,36208 Nicholas Cape Suite 881,New Bethanytown,KY,61623,735-296-9754,sschultz@example.net,Resigned/Separated - Eligible for Rehire,,CNA,36.83,1 - Unacceptable,,,2026-02-02,2026-02-14,,2026-09-11,0,32,29,1996-12-06,Female,Associate Degree,"English, French",Justin Vance,001-321-787-8399,Civil major charge myself guess.
169,Ernest,Gonzalez,632 Medina Prairie,Johnsonmouth,AZ,13615,(521)425-6643,richardgreen@example.com,Resigned/Separated - Eligible for Rehire,,CHHA,41.56,0 - Not Applicable,,,2026-02-03,2026-02-07,,2025-05-08,3,2,68,1957-10-22,Female,High School,"English, French",Brenda Ortiz,854-541-6589,Fact mother wide easy attorney market color.
170,Michelle,Le,096 Patricia Isle Apt. 058,Ericaborough,SC,8971,3449821575,barnesheather@example.net,Resigned/Separated - Not Eligible for Rehire,,RN,37.09,1 - Unacceptable,,,2026-02-03,2026-03-01,,2024-11-17,6,24,46,1979-04-17,Male,4 year College,"English, French",Megan Martinez,001-638-583-6406x69656,Stock conference buy guy.
171,Aaron,York,7599 Hernandez Lane,Port Brett,MI,47175,855-794-4225,barneslouis@example.net,Resigned/Separated - Eligible for Rehire,,RN,16.28,0 - Not Applicable,,,2026-02-04,2026-02-20,,2025-10-28,26,14,22,2003-05-17,Male,Associate Degree,"English, Spanish",Gary Myers,+1-986-335-0282x207,Computer writer development begin.
172,Keith,Ruiz,054 Judith Turnpike,South Traceymouth,DE,73880,+1-708-444-3585x395,johnhardy@example.org,Active,,RN,44.1,0 - Not Applicable,,,2026-02-05,,,2027-01-18,26,12,67,1958-10-18,Male,4 year College,"English, French",Andrea Lee,888.220.3333,Whose interest result smile they marriage half.
173,Steven,Berry,146 Phillip Bridge,North Lauren,NH,15784,8968870779,wjackson@example.com,Active,,RN,21.02,1 - Unacceptable,,,2026-02-06,,,2024-05-10,38,24,28,1998-01-02,Female,High School,English,James Rollins,676.403.4638x071,Officer you show fast provide table energy.
174,Kaitlyn,Griffin,37255 Nguyen Knoll Suite 208,East Edwardbury,NM,91477,674.556.3766,philip64@example.com,Active,,CG,55.48,0 - Not Applicable,,,2026-02-06,,,2024-11-29,34,12,31,1994-10-23,Female,High School,English,Jerry Willis,459-479-4620x1753,Evidence surface while.
175,Crystal,Reynolds,6769 Timothy Creek,Jonesland,MS,5654,+1-682-989-2483x04029,jessica30@example.org,Active,,CNA,25.59,1 - Unacceptable,,,2026-02-06,,,2026-09-01,22,32,32,1993-09-16,Female,Associate Degree,"English, French",Deborah Lopez,(452)356-2909x677,Administration recognize wonder civil mother field specific provide.
176,Anna,Schmitt,433 Grant Crescent Suite 361,New Cory,SC,88307,5429420727,melissagoodman@example.org,Resigned/Separated - Eligible for Rehire,,RN,64.16,4 - Exceeds Expectations,,,2026-02-07,2026-02-10,,2024-10-24,16,2,37,1988-10-10,Female,Associate Degree,English,Patricia Jenkins,759.284.4952,Along family beautiful should.
177,Tony,Hughes,83985 Tonya Lake,New Jay,VI,51690,+1-702-443-5170x57808,sarahmalone@example.net,Active,,CG,25.99,4 - Exceeds Expectations,,,2026-02-07,,,2026-04-15,11,14,22,2003-10-04,Male,High School,"English, French",Peter Washington,(896)904-8612x815,Economic role their material then turn nation.
178,Kimberly,White,04959 Perry Trail,Port Sabrina,AZ,98762,(395)584-6933x148,griffithbrenda@example.org,Resigned/Separated - Eligible for Rehire,,CNA,42.05,0 - Not Applicable,,,2026-02-07,2026-02-08,,2025-05-02,15,21,30,1996-01-25,Female,4 year College,English,James Jarvis,(742)696-1542x254,Dinner evening expert president own pretty measure mother.
179,Emily,Matthews,691 Patrick Plains,Johnsonberg,OH,99686,001-606-320-4640,emorgan@example.com,Resigned/Separated - Eligible for Rehire,,CHHA,17.39,4 - Exceeds Expectations,,,2026-02-07,2026-02-16,,2026-03-03,27,10,32,1993-03-08,Male,Associate Degree,English,Kathleen Hart,001-809-324-6812x658,Maintain watch listen every play.
180,Eric,Davis,277 Torres Court Suite 966,Thomasport,OK,31779,857.543.0056x875,wsanders@example.org,Resigned/Separated - Not Eligible for Rehire,,RN,60.61,3 - Meets Expectations,,,2026-02-08,2026-02-11,,2026-02-15,33,24,35,1990-02-10,Male,4 year College,English,Eric Davis,764.663.3476x4820,Woman some different cover special know.
181,Stephanie,Pruitt,9532 Emily Ford Apt. 183,North Melissa,ID,85751,(475)998-5718,gfrazier@example.com,Resigned/Separated - Eligible for Rehire,,RN,57.68,1 - Unacceptable,,,2026-02-08,2026-02-09,,2026-10-14,30,18,25,2000-09-04,Female,High School,"English, French",Shelia Bennett,001-343-307-2184x81597,Business standard institution staff require whatever.
182,Andrew,Chen,17070 Mejia Throughway,Johnville,MN,31533,001-826-751-0266x1876,jacob00@example.org,Resigned/Separated - Eligible for Rehire,,LPN,30.25,1 - Unacceptable,,,2026-02-09,2026-02-20,,2026-10-22,4,4,24,2002-01-05,Female,High School,"English, Spanish",Eric Deleon,(203)601-8890,Much several social action economy free indicate wear.
183,Eric,Chapman,246 Smith Skyway,New Cassandraburgh,IL,9503,873-720-6669,craig52@example.net,Resigned/Separated - Eligible for Rehire,,CHHA,38.1,0 - Not Applicable,,,2026-02-09,2026-02-14,,2025-04-27,22,33,33,1992-07-06,Male,High School,"English, French",Nathan Wilson,533-360-3401x9703,Speech strategy eat there total he budget.
184,Ryan,Martin,19512 Victoria Alley Suite 667,Lake Brandonmouth,OR,59113,892.292.5414,zgates@example.net,Active,,CG,44.1,3 - Meets Expectations,,,2026-02-10,,,2026-03-09,18,19,40,1985-05-30,Female,4 year College,"English, French",Teresa Hunt,+1-245-451-5230x01442,Note scene teach civil.
185,Christopher,Johnson,8916 Donald Divide,New Natasha,GA,35153,+1-576-877-9218x1492,wlambert@example.com,Resigned/Separated - Eligible for Rehire,,CG,27.88,3 - Meets Expectations,,,2026-02-11,2026-02-22,,2025-07-21,39,18,45,1981-01-30,Male,High School,"English, Spanish",Thomas Fernandez,(519)213-9755,East likely news amount trip sing.
186,Bonnie,Becker,906 Ortiz Junction,Moranchester,OK,46993,+1-381-571-7498x967,sarah45@example.com,Active,,ADMIN,33.25,1 - Unacceptable,,,2026-02-11,,,2026-06-25,18,23,20,2006-01-06,Female,Associate Degree,"English, Spanish",Benjamin Underwood,302.714.3302x136,Here than old couple person president my.
187,Jody,Clark,934 Joseph Oval,Port Cheryl,GA,33346,+1-776-556-3036x15008,gonzalezphillip@example.org,Active,,CG,33.56,3 - Meets Expectations,,,2026-02-11,,,2026-05-10,7,25,61,1964-05-02,Male,4 year College,"English, French",Samantha Lee,5164239475,Ahead Mr television something loss plant.
188,Logan,Smith,7341 Kevin Square Suite 382,Josephmouth,WV,45857,+1-392-633-3230x0648,joshuareynolds@example.net,Active,,RN,60.7,4 - Exceeds Expectations,,,2026-02-11,,,2024-06-11,31,20,57,1968-06-08,Female,Associate Degree,"English, Spanish",James Monroe,707-576-7917x9325,Material under dark staff dinner social could him.
189,Sarah,Patterson,4385 William Parkway Apt. 130,North Andrewberg,MA,85607,597-999-7498x1733,jenniferrobinson@example.com,Resigned/Separated - Eligible for Rehire,,CG,50.17,1 - Unacceptable,,,2026-02-12,2026-02-21,,2024-10-06,3,23,51,1974-08-08,Male,High School,"English, French",Melissa Porter,(247)632-8696x0641,Throughout world look yeah anyone yourself.
190,Victoria,Gray,94378 Ayala Heights Suite 626,Johntown,CA,56040,+1-254-711-0224,castrojenna@example.com,Resigned/Separated - Eligible for Rehire,,ADMIN,53.17,0 - Not Applicable,,,2026-02-13,2026-02-19,,2026-10-29,7,26,57,1968-02-28,Male,Associate Degree,English,Daniel Johnson Jr.,645.233.3173,Require kind design.
191,Sara,Jenkins,419 Kimberly Ridges,Brayfurt,OK,4217,437-957-9663,xcastillo@example.com,Resigned/Separated - Eligible for Rehire,,LPN,37.92,0 - Not Applicable,,,2026-02-13,2026-02-16,,2025-10-22,37,22,36,1989-07-26,Female,High School,"English, French",Jason Johnston,235.407.0324x5834,Table sense American however.
192,Kiara,Jensen,3294 Carter Plains,Simpsonview,AK,48508,256.336.7090x9872,russodaniel@example.com,Resigned/Separated - Eligible for Rehire,,CHHA,46.31,3 - Meets Expectations,,,2026-02-13,2026-02-14,,2026-08-24,1,25,68,1957-03-14,Male,Associate Degree,"English, Spanish",Robert Caldwell,(276)424-0051,Person blood daughter take pressure police level.
193,Angela,Kennedy,9075 Kathy Street,North Emilyview,MT,47627,387-997-6041,anthony21@example.net,Resigned/Separated - Eligible for Rehire,,CHHA,18.3,3 - Meets Expectations,,,2026-02-13,2026-02-18,,2026-10-03,5,5,75,1950-11-25,Female,High School,"English, Spanish",Joseph Mccoy,4613384791,Gas spring another help design ever.
194,Mary,Clark,991 James Creek Apt. 692,South Tiffany,KY,8289,7268351011,paulwilliams@example.com,Resigned/Separated - Eligible for Rehire,,CNA,38.53,4 - Exceeds Expectations,,,2026-02-14,2026-02-20,,2025-07-14,10,6,22,2003-12-26,Female,Associate Degree,English,Brian Gutierrez,(878)887-0775x089,Group whether statement available.
195,Jimmy,Chang,9784 Kayla Cape Suite 660,South Cheryl,OK,20230,(464)426-1524,bblake@example.org,Resigned/Separated - Eligible for Rehire,,RN,25.21,3 - Meets Expectations,,,2026-02-15,2026-02-23,,2025-07-08,39,38,38,1987-06-29,Male,High School,English,Heidi Mcdonald DDS,001-792-854-9812x48238,Off upon wish exist.
196,Rick,Andersen,206 David Ramp,Port Brett,NC,15332,001-311-594-4439,johnbush@example.com,Active,,CNA,21.72,1 - Unacceptable,,,2026-02-16,,,2026-08-20,28,3,48,1977-12-20,Female,Associate Degree,"English, French",Juan Edwards,597.234.5406x22929,Off appear blue call road skill nature.
197,Leslie,Mercado,43160 Lawrence Way,Johnsonchester,GA,55279,9077283718,waltersjack@example.org,Active,,CG,24.47,4 - Exceeds Expectations,,,2026-02-16,,,2026-06-02,1,26,26,2000-01-16,Female,Associate Degree,"English, Spanish",Steve Edwards,(521)220-2048x401,Necessary eat recognize child factor election.
198,Justin,Lyons,613 Allen Rapid,Christopherville,AS,36335,521.933.2752x38861,jacobhoward@example.com,Resigned/Separated - Eligible for Rehire,,LPN,62.21,3 - Meets Expectations,,,2026-02-16,2026-02-17,,2024-07-28,15,5,22,2003-05-18,Male,Associate Degree,"English, French",Sara Bruce,+1-915-463-6343,Hear take collection.
199,Karen,Jackson,90304 Jacob Glen,Jeffreyfort,CO,73919,949-619-4639x49164,reevesjoshua@example.com,Active,,ADMIN,62.65,4 - Exceeds Expectations,,,2026-02-17,,,2024-12-11,5,12,30,1996-01-02,Male,High School,"English, Spanish",Amy Mcdonald,+1-248-549-3276,Road land soon so free place chance deep.
200,David,Munoz,8470 Noble Stream,North Matthewland,IN,76825,477-709-6873,marylivingston@example.com,Active,,ADMIN,39.29,4 - Exceeds Expectations,,,2026-02-18,,,2025-06-29,4,9,51,1974-04-01,Female,High School,"English, Spanish",Paula Lopez,474-347-6909,During record key through.
201,Anthony,Hall,282 Margaret Mountain,Smithview,IN,11463,001-708-990-7979x0209,john52@example.net,Active,,CG,69.82,4 - Exceeds Expectations,,,2026-02-19,,,2024-10-19,8,40,25,2000-05-29,Female,High School,English,Aaron Smith,(739)452-4251,Everyone skin kitchen real.
202,Vincent,Butler,0087 Singleton Mountain Apt. 553,Harrisbury,NJ,61530,519-690-1037x87914,mollyliu@example.net,Resigned/Separated - Eligible for Rehire,,CNA,65.74,0 - Not Applicable,,,2026-02-19,2026-02-22,,2026-06-15,30,5,22,2003-05-16,Male,High School,"English, Spanish",Michele Burgess,+1-560-911-8059,Member girl piece institution decide.
203,Brian,Snow,40412 Katherine Union,Taraborough,NM,92565,817.638.8318,blanchardjessica@example.com,Resigned/Separated - Eligible for Rehire,,CG,48.87,0 - Not Applicable,,,2026-02-19,2026-02-23,,2024-11-20,33,22,39,1986-07-07,Male,High School,"English, French",Matthew Dunn,(445)573-7028,Career program style in thing son behavior tree.
204,Ariel,Carter,6810 Ballard Dam,Lake Steven,IL,46647,+1-792-994-9146,brendaobrien@example.com,Active,,ADMIN,47.56,1 - Unacceptable,,,2026-02-19,,,2024-10-24,35,13,53,1972-11-28,Female,High School,"English, French",Timothy Smith,617.229.9034x83628,Skill reflect ready more week generation.
205,Nicole,Spencer,3310 Conner Loaf Apt. 203,Transide,IA,1338,245-733-9969x30007,rebekah02@example.net,Resigned/Separated - Not Eligible for Rehire,,CNA,20.92,1 - Unacceptable,,,2026-02-20,2026-02-23,,2024-03-09,36,20,33,1992-10-22,Male,4 year College,"English, Spanish",Victoria Garcia,941-576-1296x1944,Listen key defense opportunity strategy about.
206,Robert,Collins,126 Brenda Terrace Suite 152,Stephenland,MN,7525,001-241-921-0431x696,bensonwillie@example.net,Resigned/Separated - Eligible for Rehire,,CNA,42.21,4 - Exceeds Expectations,,,2026-02-21,2026-02-21,,2025-12-10,6,30,64,1961-02-23,Female,4 year College,"English, Spanish",David Reilly,829-341-0457,Measure their rule great information.
207,Brandon,Marsh,0732 Williams Points,New Jennifer,VA,63518,+1-890-502-5720x67354,aliciaduran@example.com,Resigned/Separated - Not Eligible for Rehire,,CG,43.26,3 - Meets Expectations,,,2026-02-21,2026-03-02,,2025-07-15,13,32,18,2007-05-15,Male,High School,"English, Spanish",Robert Martin,634-270-5109,Society according push purpose agree type weight.
208,David,Wilson,27903 Buck Drive Apt. 640,New Larryfurt,HI,12993,(625)276-5507x695,nolsen@example.net,Active,,ADMIN,19.35,0 - Not Applicable,,,2026-02-21,,,2025-12-05,21,34,52,1974-01-07,Female,Associate Degree,English,Ernest Mason,+1-818-502-1093,Culture stock fear seem.
209,Christina,Oconnor,63962 Carter Knoll Suite 211,Pattonshire,FM,36566,279.244.1427,martinezjoseph@example.org,Resigned/Separated - Not Eligible for Rehire,,RN,19.63,4 - Exceeds Expectations,,,2026-02-22,2026-02-28,,2026-10-23,40,10,36,1989-08-20,Male,High School,"English, Spanish",Carrie Campbell,+1-855-805-6089,Fill bring risk ball investment focus space worker.
210,Tonya,Russell,598 James Loop,Nicholasburgh,NJ,46597,3006814654,iabbott@example.org,Active,,CG,67.81,1 - Unacceptable,,,2026-02-22,,,2026-03-14,20,20,24,2002-01-25,Male,High School,"English, Spanish",Matthew Hart,001-220-804-1319x3633,Same once we wear wonder direction person eat.
211,Brittany,Franklin,4764 Bowers Prairie Apt. 807,West Adrienneport,ME,22345,+1-992-468-8203x55054,jacobhenderson@example.com,Active,,CNA,49.68,3 - Meets Expectations,,,2026-02-23,,,2025-10-23,4,6,55,1970-03-10,Female,High School,"English, French",Christopher Turner,+1-560-749-7786,Financial hope evening opportunity point grow quickly recognize.
212,Jeff,Wall,7198 Stephen Port,Anthonyberg,FL,9793,227.885.8754,hollyclark@example.net,Resigned/Separated - Not Eligible for Rehire,,LPN,29.58,4 - Exceeds Expectations,,,2026-02-24,2026-02-24,,2025-07-14,36,31,34,1991-09-25,Female,Associate Degree,"English, Spanish",Brian Bradley,955.984.1501x7476,East stuff bill almost.
213,Kyle,Rice,114 Andre Hills,East Johnside,UT,89426,412-883-5293,ihensley@example.com,Resigned/Separated - Eligible for Rehire,,CG,21.51,0 - Not Applicable,,,2026-02-24,2026-02-24,,2026-06-16,36,26,74,1951-10-03,Male,High School,"English, French",Debra Fernandez,938.822.6786,Movie whose consumer.
214,James,Young,992 Michele Square,Carlmouth,MI,94420,244-645-1739,robert23@example.net,Active,,CHHA,31.78,0 - Not Applicable,,,2026-02-25,,,2027-02-05,31,3,34,1991-12-29,Female,High School,English,Krista Wagner,881-261-1571,Blood food war reveal reveal early challenge phone.
215,Kevin,Powell,88106 Joe Divide,New Jamesburgh,WA,81717,431-630-7334x059,melissa35@example.net,Resigned/Separated - Eligible for Rehire,,LPN,70.24,3 - Meets Expectations,,,2026-02-26,2026-02-27,,2024-12-16,35,30,49,1976-05-20,Female,High School,English,David Brewer,927.729.2590x7884,Would audience story particularly.
216,Scott,Cooper,4380 Joseph Circles Apt. 350,Warrentown,ID,16979,854.418.9435,vasquezrussell@example.org,Active,,CNA,48.46,1 - Unacceptable,,,2026-02-26,,,2024-08-01,9,5,23,2002-10-15,Female,Associate Degree,"English, Spanish",Lauren Lee,979.532.7941x7070,Born item wife model half.
217,Joshua,Burns,029 Miller Ridge Suite 236,Cynthiatown,NE,43730,001-966-234-3371,smithnatalie@example.org,Active,,ADMIN,35.96,1 - Unacceptable,,,2026-02-27,,,2024-09-26,37,0,74,1951-09-04,Male,High School,"English, French",Amy Rowe,001-509-785-7625,Car Democrat point.
218,Michael,Hill,23310 Melanie Passage Apt. 051,Vasquezport,ND,82411,371.203.9056,navarrodavid@example.org,Resigned/Separated - Eligible for Rehire,,LPN,73.22,1 - Unacceptable,,,2026-02-27,2026-03-02,,2024-09-14,0,0,45,1981-02-01,Male,Associate Degree,English,Miss Amy Frost,361.623.7261,Trip single everyone recognize.
219,Brenda,Gibbs,1757 Monica Island Suite 511,Juanside,OK,72623,(355)738-2985,riversmichael@example.org,Active,,LPN,27.55,3 - Meets Expectations,,,2026-02-28,,,2025-11-17,8,24,37,1988-07-09,Female,High School,English,Amanda Gutierrez,948-601-6617x28110,Wish start energy hair scientist approach.
220,Gregory,Ali,73145 Victoria Branch Suite 970,Matthewshire,NH,14503,(208)803-8383x7744,stacey74@example.net,Active,,CHHA,51.63,4 - Exceeds Expectations,,,2026-02-28,,,2025-03-11,35,31,71,1954-11-07,Female,4 year College,"English, French",Tiffany Pruitt,(526)388-6511x82337,Foreign loss perform century capital.
221,Michael,Phillips,44781 Jones Via Apt. 511,East Tim,TN,9357,9313937414,clong@example.org,Resigned/Separated - Not Eligible for Rehire,,LPN,56.62,3 - Meets Expectations,,,2026-02-28,2026-03-02,,2024-05-23,9,31,32,1993-11-12,Female,High School,English,Brandon Allen,2867829786,Some ten month.
222,Stacy,Turner,88170 Ashley Squares,Stephenmouth,AS,71587,(372)331-3765x678,kevinmartin@example.com,Active,,ADMIN,56.2,1 - Unacceptable,,,2026-02-28,,,2026-12-29,33,36,70,1955-11-14,Female,High School,"English, French",Cynthia Lamb,358.786.2196,Right itself about now small try marriage can.
223,Laura,Evans,583 Castillo Walks,West Garystad,AK,45337,6736018366,ryan30@example.net,Active,,CNA,39.36,3 - Meets Expectations,,,2026-03-01,,,2026-11-18,20,16,68,1958-02-27,Female,High School,English,Edward Preston,261.304.2110x5324,Speak pretty then.
224,Christopher,Zhang,67252 Lopez Lake Apt. 492,South Sandy,AK,98555,001-991-364-1481x7017,moorecarol@example.net,Active,,RN,25.85,1 - Unacceptable,,,2026-03-01,,,2026-02-24,32,38,25,2001-02-02,Female,Associate Degree,"English, French",Daniel Rodgers,001-487-797-8069x70458,Floor option month debate space.
225,Samantha,Daniels,604 Davis Radial Apt. 798,Port Theresa,MO,98599,(335)650-8460x65916,william45@example.com,Active,,CG,50.96,3 - Meets Expectations,,,2026-03-02,,,2024-09-29,7,40,73,1952-10-04,Female,4 year College,English,Mr. Eric Smith,735.800.6927,Work team both.
